Date,Store,Product,Sales,Price,Promotion,Holiday,Inventory,Weekday,Month
2024-01-01 00:00:00,Store 3,Product C,140,15,1,0,444,Monday,Jan
2024-01-02 00:00:00,Store 1,Product C,123,15,0,0,370,Tuesday,Jan
2024-01-03 00:00:00,Store 3,Product E,149,20,0,0,406,Wednesday,Jan
2024-01-04 00:00:00,Store 3,Product D,78,9,1,0,349,Thursday,Jan
2024-01-05 00:00:00,Store 1,Product B,79,11,0,0,364,Friday,Jan
2024-01-06 00:00:00,Store 1,Product D,74,7,0,1,398,Saturday,Jan
2024-01-07 00:00:00,Store 3,Product D,72,7,0,1,331,Sunday,Jan
2024-01-08 00:00:00,Store 2,Product C,130,14,1,0,463,Monday,Jan
2024-01-09 00:00:00,Store 3,Product D,71,7,0,1,440,Tuesday,Jan
2024-01-10 00:00:00,Store 3,Product A,98,9,0,0,497,Wednesday,Jan
2024-01-11 00:00:00,Store 3,Product C,134,14,1,0,357,Thursday,Jan
2024-01-12 00:00:00,Store 3,Product A,125,9,1,1,427,Friday,Jan
2024-01-13 00:00:00,Store 1,Product B,89,13,0,1,441,Saturday,Jan
2024-01-14 00:00:00,Store 3,Product C,125,14,0,1,464,Sunday,Jan
2024-01-15 00:00:00,Store 2,Product B,83,13,0,0,411,Monday,Jan
2024-01-16 00:00:00,Store 1,Product C,116,15,0,0,367,Tuesday,Jan
2024-01-17 00:00:00,Store 2,Product E,153,19,0,0,339,Wednesday,Jan
2024-01-18 00:00:00,Store 2,Product D,79,8,1,0,486,Thursday,Jan
2024-01-19 00:00:00,Store 2,Product E,146,20,0,0,443,Friday,Jan
2024-01-20 00:00:00,Store 2,Product B,93,12,0,1,489,Saturday,Jan
2024-01-21 00:00:00,Store 1,Product D,71,9,0,1,431,Sunday,Jan
2024-01-22 00:00:00,Store 1,Product C,141,15,1,0,472,Monday,Jan
2024-01-23 00:00:00,Store 2,Product D,64,8,0,0,389,Tuesday,Jan
2024-01-24 00:00:00,Store 2,Product A,126,10,1,1,327,Wednesday,Jan
2024-01-25 00:00:00,Store 1,Product D,61,7,0,0,395,Thursday,Jan
2024-01-26 00:00:00,Store 1,Product A,106,9,0,0,493,Friday,Jan
2024-01-27 00:00:00,Store 1,Product D,67,9,0,1,330,Saturday,Jan
2024-01-28 00:00:00,Store 3,Product A,113,11,0,1,302,Sunday,Jan
2024-01-29 00:00:00,Store 3,Product B,78,11,0,0,435,Monday,Jan
2024-01-30 00:00:00,Store 3,Product E,152,21,0,0,323,Tuesday,Jan
2024-01-31 00:00:00,Store 2,Product C,120,14,0,0,314,Wednesday,Jan
2024-02-01 00:00:00,Store 3,Product D,73,8,1,0,470,Thursday,Feb
2024-02-02 00:00:00,Store 2,Product E,156,20,0,1,458,Friday,Feb
2024-02-03 00:00:00,Store 2,Product C,148,16,1,1,344,Saturday,Feb
2024-02-04 00:00:00,Store 3,Product C,128,14,0,1,493,Sunday,Feb
2024-02-05 00:00:00,Store 2,Product A,97,9,0,0,307,Monday,Feb
2024-02-06 00:00:00,Store 3,Product B,76,13,0,0,370,Tuesday,Feb
2024-02-07 00:00:00,Store 3,Product B,79,11,0,0,407,Wednesday,Feb
2024-02-08 00:00:00,Store 1,Product E,153,20,0,0,414,Thursday,Feb
2024-02-09 00:00:00,Store 3,Product B,78,13,0,0,402,Friday,Feb
2024-02-10 00:00:00,Store 1,Product D,67,9,0,1,424,Saturday,Feb
2024-02-11 00:00:00,Store 3,Product B,90,11,0,1,356,Sunday,Feb
2024-02-12 00:00:00,Store 3,Product E,155,21,0,0,329,Monday,Feb
2024-02-13 00:00:00,Store 1,Product B,92,11,1,0,445,Tuesday,Feb
2024-02-14 00:00:00,Store 1,Product D,82,7,1,0,413,Wednesday,Feb
2024-02-15 00:00:00,Store 3,Product A,113,9,1,0,496,Thursday,Feb
2024-02-16 00:00:00,Store 2,Product E,170,19,1,0,416,Friday,Feb
2024-02-17 00:00:00,Store 1,Product A,108,9,0,1,466,Saturday,Feb
2024-02-18 00:00:00,Store 2,Product A,109,11,0,1,359,Sunday,Feb
2024-02-19 00:00:00,Store 2,Product A,118,10,1,0,397,Monday,Feb
2024-02-20 00:00:00,Store 2,Product C,119,15,0,0,470,Tuesday,Feb
2024-02-21 00:00:00,Store 1,Product C,125,16,0,0,425,Wednesday,Feb
2024-02-22 00:00:00,Store 2,Product A,102,11,0,0,472,Thursday,Feb
2024-02-23 00:00:00,Store 1,Product E,149,20,0,0,450,Friday,Feb
2024-02-24 00:00:00,Store 2,Product D,75,8,0,1,496,Saturday,Feb
2024-02-25 00:00:00,Store 3,Product D,82,8,1,1,393,Sunday,Feb
2024-02-26 00:00:00,Store 3,Product B,86,12,0,0,433,Monday,Feb
2024-02-27 00:00:00,Store 1,Product E,149,20,0,0,483,Tuesday,Feb
2024-02-28 00:00:00,Store 3,Product C,132,14,1,0,421,Wednesday,Feb
2024-02-29 00:00:00,Store 3,Product A,98,11,0,0,407,Thursday,Feb
2024-03-01 00:00:00,Store 2,Product B,85,11,0,0,303,Friday,Mar
2024-03-02 00:00:00,Store 1,Product D,74,8,0,1,392,Saturday,Mar
2024-03-03 00:00:00,Store 2,Product C,144,15,1,1,450,Sunday,Mar
2024-03-04 00:00:00,Store 2,Product C,134,15,1,0,305,Monday,Mar
2024-03-05 00:00:00,Store 2,Product A,106,9,0,0,331,Tuesday,Mar
2024-03-06 00:00:00,Store 2,Product D,78,7,1,0,405,Wednesday,Mar
2024-03-07 00:00:00,Store 2,Product E,152,20,0,0,445,Thursday,Mar
2024-03-08 00:00:00,Store 2,Product C,142,14,1,0,314,Friday,Mar
2024-03-09 00:00:00,Store 2,Product A,128,9,1,1,467,Saturday,Mar
2024-03-10 00:00:00,Store 1,Product E,181,20,1,1,421,Sunday,Mar
2024-03-11 00:00:00,Store 3,Product D,68,7,0,0,395,Monday,Mar
2024-03-12 00:00:00,Store 2,Product C,139,16,1,0,305,Tuesday,Mar
2024-03-13 00:00:00,Store 2,Product E,172,21,1,0,411,Wednesday,Mar
2024-03-14 00:00:00,Store 2,Product E,157,21,0,0,419,Thursday,Mar
2024-03-15 00:00:00,Store 2,Product E,171,21,1,0,422,Friday,Mar
2024-03-16 00:00:00,Store 2,Product C,131,15,0,1,490,Saturday,Mar
2024-03-17 00:00:00,Store 2,Product C,144,15,1,1,366,Sunday,Mar
2024-03-18 00:00:00,Store 3,Product B,95,12,0,1,405,Monday,Mar
2024-03-19 00:00:00,Store 3,Product D,86,9,1,1,438,Tuesday,Mar
2024-03-20 00:00:00,Store 2,Product A,116,11,0,1,342,Wednesday,Mar
2024-03-21 00:00:00,Store 3,Product E,162,19,0,1,444,Thursday,Mar
2024-03-22 00:00:00,Store 1,Product B,86,11,0,0,395,Friday,Mar
2024-03-23 00:00:00,Store 2,Product A,117,11,0,1,431,Saturday,Mar
2024-03-24 00:00:00,Store 1,Product B,97,13,0,1,490,Sunday,Mar
2024-03-25 00:00:00,Store 1,Product C,128,16,0,0,495,Monday,Mar
2024-03-26 00:00:00,Store 2,Product E,152,21,0,0,380,Tuesday,Mar
2024-03-27 00:00:00,Store 3,Product A,99,9,0,0,340,Wednesday,Mar
2024-03-28 00:00:00,Store 1,Product A,101,11,0,0,432,Thursday,Mar
2024-03-29 00:00:00,Store 2,Product A,122,9,1,0,459,Friday,Mar
2024-03-30 00:00:00,Store 1,Product A,112,11,0,1,497,Saturday,Mar
2024-03-31 00:00:00,Store 1,Product A,128,11,1,1,334,Sunday,Mar
2024-04-01 00:00:00,Store 1,Product B,100,13,1,0,321,Monday,Apr
2024-04-02 00:00:00,Store 1,Product E,153,19,0,0,492,Tuesday,Apr
2024-04-03 00:00:00,Store 3,Product C,122,14,0,0,449,Wednesday,Apr
2024-04-04 00:00:00,Store 1,Product C,135,15,1,0,411,Thursday,Apr
2024-04-05 00:00:00,Store 1,Product C,120,16,0,0,310,Friday,Apr
2024-04-06 00:00:00,Store 1,Product C,132,15,0,1,302,Saturday,Apr
2024-04-07 00:00:00,Store 3,Product B,98,12,0,1,436,Sunday,Apr
2024-04-08 00:00:00,Store 1,Product D,83,7,1,0,359,Monday,Apr
2024-04-09 00:00:00,Store 1,Product E,157,19,0,0,375,Tuesday,Apr
2024-04-10 00:00:00,Store 3,Product A,107,10,0,0,386,Wednesday,Apr
2024-04-11 00:00:00,Store 3,Product D,77,9,1,0,313,Thursday,Apr
2024-04-12 00:00:00,Store 3,Product C,143,14,1,0,317,Friday,Apr
2024-04-13 00:00:00,Store 1,Product D,74,9,0,1,412,Saturday,Apr
2024-04-14 00:00:00,Store 3,Product E,170,21,0,1,372,Sunday,Apr
2024-04-15 00:00:00,Store 3,Product A,117,10,1,0,322,Monday,Apr
2024-04-16 00:00:00,Store 1,Product A,104,10,0,0,382,Tuesday,Apr
2024-04-17 00:00:00,Store 3,Product E,159,20,0,0,424,Wednesday,Apr
2024-04-18 00:00:00,Store 1,Product E,153,20,0,0,474,Thursday,Apr
2024-04-19 00:00:00,Store 2,Product C,142,14,1,0,368,Friday,Apr
2024-04-20 00:00:00,Store 3,Product A,114,9,0,1,346,Saturday,Apr
2024-04-21 00:00:00,Store 2,Product D,94,8,1,1,415,Sunday,Apr
2024-04-22 00:00:00,Store 1,Product B,102,11,1,0,329,Monday,Apr
2024-04-23 00:00:00,Store 3,Product B,88,12,0,0,324,Tuesday,Apr
2024-04-24 00:00:00,Store 1,Product E,153,21,0,0,455,Wednesday,Apr
2024-04-25 00:00:00,Store 2,Product C,126,16,0,0,411,Thursday,Apr
2024-04-26 00:00:00,Store 1,Product B,91,13,0,1,324,Friday,Apr
2024-04-27 00:00:00,Store 3,Product A,115,10,0,1,373,Saturday,Apr
2024-04-28 00:00:00,Store 3,Product E,182,21,1,1,357,Sunday,Apr
2024-04-29 00:00:00,Store 2,Product D,66,7,0,0,393,Monday,Apr
2024-04-30 00:00:00,Store 1,Product E,172,21,1,0,418,Tuesday,Apr
2024-05-01 00:00:00,Store 3,Product D,68,9,0,0,426,Wednesday,May
2024-05-02 00:00:00,Store 2,Product E,157,21,0,0,468,Thursday,May
2024-05-03 00:00:00,Store 3,Product E,155,19,0,0,324,Friday,May
2024-05-04 00:00:00,Store 3,Product E,167,20,0,1,377,Saturday,May
2024-05-05 00:00:00,Store 1,Product D,95,7,1,1,398,Sunday,May
2024-05-06 00:00:00,Store 3,Product D,63,8,0,0,415,Monday,May
2024-05-07 00:00:00,Store 1,Product E,155,20,0,0,347,Tuesday,May
2024-05-08 00:00:00,Store 3,Product B,87,13,0,0,309,Wednesday,May
2024-05-09 00:00:00,Store 2,Product C,129,15,0,0,398,Thursday,May
2024-05-10 00:00:00,Store 3,Product C,122,14,0,0,310,Friday,May
2024-05-11 00:00:00,Store 1,Product C,134,14,0,1,384,Saturday,May
2024-05-12 00:00:00,Store 1,Product D,92,8,1,1,448,Sunday,May
2024-05-13 00:00:00,Store 2,Product D,61,9,0,0,472,Monday,May
2024-05-14 00:00:00,Store 3,Product B,97,13,1,0,434,Tuesday,May
2024-05-15 00:00:00,Store 3,Product C,129,14,0,0,491,Wednesday,May
2024-05-16 00:00:00,Store 2,Product C,130,16,0,0,425,Thursday,May
2024-05-17 00:00:00,Store 3,Product E,157,20,0,0,363,Friday,May
2024-05-18 00:00:00,Store 3,Product D,80,8,0,1,301,Saturday,May
2024-05-19 00:00:00,Store 1,Product C,137,14,0,1,375,Sunday,May
2024-05-20 00:00:00,Store 3,Product B,87,12,0,0,420,Monday,May
2024-05-21 00:00:00,Store 3,Product B,84,11,0,0,341,Tuesday,May
2024-05-22 00:00:00,Store 2,Product C,131,15,0,0,353,Wednesday,May
2024-05-23 00:00:00,Store 2,Product D,64,7,0,0,374,Thursday,May
2024-05-24 00:00:00,Store 1,Product B,98,13,1,0,315,Friday,May
2024-05-25 00:00:00,Store 3,Product E,172,20,0,1,317,Saturday,May
2024-05-26 00:00:00,Store 3,Product B,97,12,0,1,486,Sunday,May
2024-05-27 00:00:00,Store 3,Product A,105,9,0,0,389,Monday,May
2024-05-28 00:00:00,Store 1,Product A,106,9,0,0,443,Tuesday,May
2024-05-29 00:00:00,Store 1,Product D,64,8,0,0,305,Wednesday,May
2024-05-30 00:00:00,Store 2,Product C,127,14,0,0,484,Thursday,May
2024-05-31 00:00:00,Store 1,Product D,72,8,0,0,407,Friday,May
2024-06-01 00:00:00,Store 3,Product D,74,9,0,1,474,Saturday,Jun
2024-06-02 00:00:00,Store 3,Product D,79,7,0,1,347,Sunday,Jun
2024-06-03 00:00:00,Store 1,Product D,70,8,0,0,341,Monday,Jun
2024-06-04 00:00:00,Store 3,Product E,155,21,0,0,375,Tuesday,Jun
2024-06-05 00:00:00,Store 3,Product E,160,21,0,0,487,Wednesday,Jun
2024-06-06 00:00:00,Store 1,Product B,98,12,0,1,376,Thursday,Jun
2024-06-07 00:00:00,Store 1,Product A,119,9,1,0,431,Friday,Jun
2024-06-08 00:00:00,Store 3,Product D,78,8,0,1,429,Saturday,Jun
2024-06-09 00:00:00,Store 3,Product B,93,13,0,1,358,Sunday,Jun
2024-06-10 00:00:00,Store 3,Product A,115,10,0,1,454,Monday,Jun
2024-06-11 00:00:00,Store 2,Product C,143,14,1,0,326,Tuesday,Jun
2024-06-12 00:00:00,Store 2,Product E,156,21,0,0,378,Wednesday,Jun
2024-06-13 00:00:00,Store 2,Product A,109,10,0,0,371,Thursday,Jun
2024-06-14 00:00:00,Store 1,Product C,125,14,0,0,306,Friday,Jun
2024-06-15 00:00:00,Store 2,Product A,113,11,0,1,490,Saturday,Jun
2024-06-16 00:00:00,Store 1,Product E,171,19,0,1,410,Sunday,Jun
2024-06-17 00:00:00,Store 1,Product E,158,21,0,0,418,Monday,Jun
2024-06-18 00:00:00,Store 2,Product B,105,12,1,0,473,Tuesday,Jun
2024-06-19 00:00:00,Store 2,Product D,65,7,0,0,362,Wednesday,Jun
2024-06-20 00:00:00,Store 2,Product A,125,11,1,0,423,Thursday,Jun
2024-06-21 00:00:00,Store 3,Product A,119,9,1,0,311,Friday,Jun
2024-06-22 00:00:00,Store 2,Product C,136,14,0,1,440,Saturday,Jun
2024-06-23 00:00:00,Store 3,Product E,165,20,0,1,342,Sunday,Jun
2024-06-24 00:00:00,Store 1,Product A,112,9,0,0,316,Monday,Jun
2024-06-25 00:00:00,Store 3,Product E,153,21,0,0,362,Tuesday,Jun
2024-06-26 00:00:00,Store 2,Product A,109,11,0,0,419,Wednesday,Jun
2024-06-27 00:00:00,Store 1,Product B,108,13,1,0,335,Thursday,Jun
2024-06-28 00:00:00,Store 1,Product D,87,9,1,0,307,Friday,Jun
2024-06-29 00:00:00,Store 1,Product A,115,10,0,1,368,Saturday,Jun
2024-06-30 00:00:00,Store 3,Product E,167,19,0,1,389,Sunday,Jun
2024-07-01 00:00:00,Store 2,Product B,107,12,1,0,335,Monday,Jul
2024-07-02 00:00:00,Store 1,Product A,124,9,1,0,327,Tuesday,Jul
2024-07-03 00:00:00,Store 1,Product C,146,14,1,0,417,Wednesday,Jul
2024-07-04 00:00:00,Store 1,Product D,65,7,0,0,392,Thursday,Jul
2024-07-05 00:00:00,Store 3,Product A,110,10,0,0,474,Friday,Jul
2024-07-06 00:00:00,Store 3,Product B,99,11,0,1,375,Saturday,Jul
2024-07-07 00:00:00,Store 2,Product C,142,15,0,1,400,Sunday,Jul
2024-07-08 00:00:00,Store 3,Product B,90,13,0,0,457,Monday,Jul
2024-07-09 00:00:00,Store 1,Product B,84,13,0,0,450,Tuesday,Jul
2024-07-10 00:00:00,Store 2,Product C,131,14,0,0,443,Wednesday,Jul
2024-07-11 00:00:00,Store 1,Product B,94,12,0,0,313,Thursday,Jul
2024-07-12 00:00:00,Store 1,Product C,133,16,0,0,370,Friday,Jul
2024-07-13 00:00:00,Store 3,Product A,116,10,0,1,479,Saturday,Jul
2024-07-14 00:00:00,Store 2,Product C,135,15,0,1,423,Sunday,Jul
2024-07-15 00:00:00,Store 3,Product C,136,14,0,1,424,Monday,Jul
2024-07-16 00:00:00,Store 3,Product D,74,9,0,0,336,Tuesday,Jul
2024-07-17 00:00:00,Store 2,Product C,144,14,1,0,328,Wednesday,Jul
2024-07-18 00:00:00,Store 1,Product C,126,14,0,0,494,Thursday,Jul
2024-07-19 00:00:00,Store 1,Product A,114,11,0,0,442,Friday,Jul
2024-07-20 00:00:00,Store 2,Product D,79,9,0,1,474,Saturday,Jul
2024-07-21 00:00:00,Store 1,Product E,185,20,1,1,473,Sunday,Jul
2024-07-22 00:00:00,Store 2,Product A,112,11,0,0,479,Monday,Jul
2024-07-23 00:00:00,Store 2,Product A,111,10,0,0,318,Tuesday,Jul
2024-07-24 00:00:00,Store 3,Product E,165,20,0,0,405,Wednesday,Jul
2024-07-25 00:00:00,Store 2,Product C,132,15,0,0,320,Thursday,Jul
2024-07-26 00:00:00,Store 3,Product B,87,13,0,0,363,Friday,Jul
2024-07-27 00:00:00,Store 1,Product D,78,7,0,1,464,Saturday,Jul
2024-07-28 00:00:00,Store 1,Product B,115,12,1,1,326,Sunday,Jul
2024-07-29 00:00:00,Store 1,Product E,165,19,0,0,354,Monday,Jul
2024-07-30 00:00:00,Store 1,Product A,126,9,1,0,328,Tuesday,Jul
2024-07-31 00:00:00,Store 3,Product A,128,11,1,0,447,Wednesday,Jul
2024-08-01 00:00:00,Store 1,Product D,65,7,0,0,324,Thursday,Aug
2024-08-02 00:00:00,Store 2,Product A,127,9,1,0,369,Friday,Aug
2024-08-03 00:00:00,Store 2,Product A,122,11,0,1,362,Saturday,Aug
2024-08-04 00:00:00,Store 2,Product D,80,8,0,1,463,Sunday,Aug
2024-08-05 00:00:00,Store 3,Product D,68,7,0,0,429,Monday,Aug
2024-08-06 00:00:00,Store 1,Product E,157,21,0,0,449,Tuesday,Aug
2024-08-07 00:00:00,Store 1,Product A,115,9,0,0,315,Wednesday,Aug
2024-08-08 00:00:00,Store 1,Product A,108,9,0,0,445,Thursday,Aug
2024-08-09 00:00:00,Store 3,Product E,161,20,0,0,496,Friday,Aug
2024-08-10 00:00:00,Store 2,Product C,143,14,0,1,481,Saturday,Aug
2024-08-11 00:00:00,Store 2,Product C,142,16,0,1,399,Sunday,Aug
2024-08-12 00:00:00,Store 1,Product C,136,14,0,0,329,Monday,Aug
2024-08-13 00:00:00,Store 2,Product E,156,20,0,0,344,Tuesday,Aug
2024-08-14 00:00:00,Store 2,Product A,116,10,0,0,318,Wednesday,Aug
2024-08-15 00:00:00,Store 3,Product E,186,21,1,1,333,Thursday,Aug
2024-08-16 00:00:00,Store 3,Product E,162,20,0,0,440,Friday,Aug
2024-08-17 00:00:00,Store 3,Product C,157,14,1,1,470,Saturday,Aug
2024-08-18 00:00:00,Store 3,Product B,104,12,0,1,361,Sunday,Aug
2024-08-19 00:00:00,Store 1,Product A,116,11,0,0,417,Monday,Aug
2024-08-20 00:00:00,Store 3,Product C,136,15,0,0,399,Tuesday,Aug
2024-08-21 00:00:00,Store 2,Product B,95,12,0,0,321,Wednesday,Aug
2024-08-22 00:00:00,Store 1,Product B,90,12,0,0,479,Thursday,Aug
2024-08-23 00:00:00,Store 2,Product D,81,9,1,0,479,Friday,Aug
2024-08-24 00:00:00,Store 2,Product A,117,10,0,1,410,Saturday,Aug
2024-08-25 00:00:00,Store 2,Product B,114,12,1,1,463,Sunday,Aug
2024-08-26 00:00:00,Store 3,Product C,145,14,1,0,372,Monday,Aug
2024-08-27 00:00:00,Store 3,Product D,89,9,1,0,446,Tuesday,Aug
2024-08-28 00:00:00,Store 1,Product A,142,10,1,1,337,Wednesday,Aug
2024-08-29 00:00:00,Store 1,Product E,157,21,0,0,369,Thursday,Aug
2024-08-30 00:00:00,Store 3,Product C,129,15,0,0,415,Friday,Aug
2024-08-31 00:00:00,Store 2,Product B,101,12,0,1,378,Saturday,Aug
2024-09-01 00:00:00,Store 1,Product B,99,12,0,1,484,Sunday,Sep
2024-09-02 00:00:00,Store 3,Product C,130,14,0,0,447,Monday,Sep
2024-09-03 00:00:00,Store 3,Product B,104,11,1,0,308,Tuesday,Sep
2024-09-04 00:00:00,Store 3,Product D,80,7,0,1,331,Wednesday,Sep
2024-09-05 00:00:00,Store 2,Product A,107,11,0,0,431,Thursday,Sep
2024-09-06 00:00:00,Store 3,Product D,74,9,0,0,349,Friday,Sep
2024-09-07 00:00:00,Store 3,Product B,100,11,0,1,381,Saturday,Sep
2024-09-08 00:00:00,Store 3,Product E,173,21,0,1,304,Sunday,Sep
2024-09-09 00:00:00,Store 3,Product A,123,10,1,0,447,Monday,Sep
2024-09-10 00:00:00,Store 1,Product A,108,10,0,0,386,Tuesday,Sep
2024-09-11 00:00:00,Store 1,Product C,132,15,0,0,425,Wednesday,Sep
2024-09-12 00:00:00,Store 3,Product C,128,14,0,0,374,Thursday,Sep
2024-09-13 00:00:00,Store 2,Product E,162,21,0,0,464,Friday,Sep
2024-09-14 00:00:00,Store 1,Product A,127,9,0,1,321,Saturday,Sep
2024-09-15 00:00:00,Store 3,Product E,168,21,0,1,485,Sunday,Sep
2024-09-16 00:00:00,Store 1,Product C,130,15,0,0,367,Monday,Sep
2024-09-17 00:00:00,Store 1,Product C,134,14,0,0,343,Tuesday,Sep
2024-09-18 00:00:00,Store 2,Product A,115,11,0,0,333,Wednesday,Sep
2024-09-19 00:00:00,Store 3,Product D,70,9,0,0,376,Thursday,Sep
2024-09-20 00:00:00,Store 3,Product B,96,12,0,0,341,Friday,Sep
2024-09-21 00:00:00,Store 2,Product C,139,14,0,1,436,Saturday,Sep
2024-09-22 00:00:00,Store 2,Product C,145,14,0,1,405,Sunday,Sep
2024-09-23 00:00:00,Store 3,Product D,90,7,1,0,394,Monday,Sep
2024-09-24 00:00:00,Store 3,Product D,71,8,0,0,434,Tuesday,Sep
2024-09-25 00:00:00,Store 2,Product E,158,19,0,0,367,Wednesday,Sep
2024-09-26 00:00:00,Store 1,Product E,158,20,0,0,446,Thursday,Sep
2024-09-27 00:00:00,Store 1,Product B,89,12,0,0,458,Friday,Sep
2024-09-28 00:00:00,Store 2,Product B,106,12,0,1,427,Saturday,Sep
2024-09-29 00:00:00,Store 1,Product A,119,11,0,1,462,Sunday,Sep
2024-09-30 00:00:00,Store 2,Product E,174,19,1,0,484,Monday,Sep
2024-10-01 00:00:00,Store 1,Product C,133,14,0,0,384,Tuesday,Oct
2024-10-02 00:00:00,Store 1,Product E,164,20,0,0,488,Wednesday,Oct
2024-10-03 00:00:00,Store 3,Product C,134,15,0,0,458,Thursday,Oct
2024-10-04 00:00:00,Store 3,Product D,76,7,0,0,382,Friday,Oct
2024-10-05 00:00:00,Store 1,Product E,173,20,0,1,394,Saturday,Oct
2024-10-06 00:00:00,Store 1,Product D,85,7,0,1,480,Sunday,Oct
2024-10-07 00:00:00,Store 3,Product B,114,13,1,0,331,Monday,Oct
2024-10-08 00:00:00,Store 3,Product B,94,12,0,0,365,Tuesday,Oct
2024-10-09 00:00:00,Store 3,Product A,110,9,0,0,486,Wednesday,Oct
2024-10-10 00:00:00,Store 2,Product E,174,20,1,0,415,Thursday,Oct
2024-10-11 00:00:00,Store 1,Product D,73,7,0,0,437,Friday,Oct
2024-10-12 00:00:00,Store 3,Product C,162,14,1,1,429,Saturday,Oct
2024-10-13 00:00:00,Store 1,Product B,106,12,0,1,493,Sunday,Oct
2024-10-14 00:00:00,Store 2,Product B,107,13,1,0,359,Monday,Oct
2024-10-15 00:00:00,Store 2,Product C,133,14,0,0,316,Tuesday,Oct
2024-10-16 00:00:00,Store 3,Product D,88,7,1,0,395,Wednesday,Oct
2024-10-17 00:00:00,Store 2,Product D,89,7,1,0,443,Thursday,Oct
2024-10-18 00:00:00,Store 1,Product E,161,21,0,0,315,Friday,Oct
2024-10-19 00:00:00,Store 3,Product E,188,21,1,1,345,Saturday,Oct
2024-10-20 00:00:00,Store 1,Product A,120,10,0,1,466,Sunday,Oct
2024-10-21 00:00:00,Store 1,Product B,98,13,0,0,458,Monday,Oct
2024-10-22 00:00:00,Store 2,Product E,159,20,0,0,406,Tuesday,Oct
2024-10-23 00:00:00,Store 2,Product D,89,8,0,1,387,Wednesday,Oct
2024-10-24 00:00:00,Store 2,Product C,129,16,0,0,428,Thursday,Oct
2024-10-25 00:00:00,Store 2,Product D,78,8,0,0,438,Friday,Oct
2024-10-26 00:00:00,Store 2,Product B,105,13,0,1,418,Saturday,Oct
2024-10-27 00:00:00,Store 3,Product D,96,8,1,1,384,Sunday,Oct
2024-10-28 00:00:00,Store 1,Product A,128,11,1,0,303,Monday,Oct
2024-10-29 00:00:00,Store 1,Product B,94,13,0,0,370,Tuesday,Oct
2024-10-30 00:00:00,Store 1,Product C,136,15,0,0,453,Wednesday,Oct
2024-10-31 00:00:00,Store 1,Product A,111,9,0,0,410,Thursday,Oct
2024-11-01 00:00:00,Store 2,Product B,95,12,0,0,349,Friday,Nov
2024-11-02 00:00:00,Store 1,Product C,140,16,0,1,439,Saturday,Nov
2024-11-03 00:00:00,Store 3,Product A,126,9,0,1,394,Sunday,Nov
2024-11-04 00:00:00,Store 3,Product A,118,10,0,0,391,Monday,Nov
2024-11-05 00:00:00,Store 1,Product B,109,12,1,0,364,Tuesday,Nov
2024-11-06 00:00:00,Store 1,Product E,164,20,0,0,346,Wednesday,Nov
2024-11-07 00:00:00,Store 3,Product A,113,9,0,0,480,Thursday,Nov
2024-11-08 00:00:00,Store 3,Product A,112,11,0,0,405,Friday,Nov
2024-11-09 00:00:00,Store 2,Product C,148,15,0,1,498,Saturday,Nov
2024-11-10 00:00:00,Store 3,Product D,84,8,0,1,429,Sunday,Nov
2024-11-11 00:00:00,Store 2,Product B,97,12,0,0,405,Monday,Nov
2024-11-12 00:00:00,Store 2,Product B,98,12,0,0,323,Tuesday,Nov
2024-11-13 00:00:00,Store 2,Product E,164,20,0,0,303,Wednesday,Nov
2024-11-14 00:00:00,Store 2,Product E,184,21,1,0,407,Thursday,Nov
2024-11-15 00:00:00,Store 2,Product B,113,13,1,0,318,Friday,Nov
2024-11-16 00:00:00,Store 1,Product E,172,20,0,1,453,Saturday,Nov
2024-11-17 00:00:00,Store 3,Product C,149,14,0,1,339,Sunday,Nov
2024-11-18 00:00:00,Store 2,Product B,101,13,0,0,349,Monday,Nov
2024-11-19 00:00:00,Store 3,Product E,164,19,0,0,470,Tuesday,Nov
2024-11-20 00:00:00,Store 3,Product B,96,13,0,0,374,Wednesday,Nov
2024-11-21 00:00:00,Store 2,Product D,76,8,0,0,494,Thursday,Nov
2024-11-22 00:00:00,Store 1,Product A,116,11,0,0,311,Friday,Nov
2024-11-23 00:00:00,Store 2,Product B,102,12,0,1,494,Saturday,Nov
2024-11-24 00:00:00,Store 1,Product A,127,11,0,1,326,Sunday,Nov
2024-11-25 00:00:00,Store 3,Product E,181,20,1,0,412,Monday,Nov
2024-11-26 00:00:00,Store 1,Product A,136,10,1,0,481,Tuesday,Nov
2024-11-27 00:00:00,Store 1,Product B,106,12,1,0,493,Wednesday,Nov
2024-11-28 00:00:00,Store 1,Product D,72,8,0,0,348,Thursday,Nov
2024-11-29 00:00:00,Store 3,Product E,182,19,1,0,443,Friday,Nov
2024-11-30 00:00:00,Store 3,Product B,101,12,0,1,429,Saturday,Nov
2024-12-01 00:00:00,Store 1,Product E,186,19,1,1,359,Sunday,Dec
2024-12-02 00:00:00,Store 1,Product C,131,14,0,0,481,Monday,Dec
2024-12-03 00:00:00,Store 2,Product A,133,10,1,0,329,Tuesday,Dec
2024-12-04 00:00:00,Store 1,Product C,134,14,0,0,383,Wednesday,Dec
2024-12-05 00:00:00,Store 2,Product B,109,13,1,0,465,Thursday,Dec
2024-12-06 00:00:00,Store 1,Product D,88,8,1,0,327,Friday,Dec
2024-12-07 00:00:00,Store 2,Product E,182,19,0,1,324,Saturday,Dec
2024-12-08 00:00:00,Store 3,Product A,132,10,0,1,395,Sunday,Dec
2024-12-09 00:00:00,Store 1,Product E,187,20,1,0,424,Monday,Dec
2024-12-10 00:00:00,Store 1,Product B,92,12,0,0,309,Tuesday,Dec
2024-12-11 00:00:00,Store 1,Product E,186,19,1,0,487,Wednesday,Dec
2024-12-12 00:00:00,Store 1,Product A,130,11,0,1,341,Thursday,Dec
2024-12-13 00:00:00,Store 2,Product B,98,13,0,0,339,Friday,Dec
2024-12-14 00:00:00,Store 1,Product E,175,19,0,1,376,Saturday,Dec
2024-12-15 00:00:00,Store 3,Product D,87,8,0,1,404,Sunday,Dec
2024-12-16 00:00:00,Store 3,Product B,108,11,1,0,417,Monday,Dec
2024-12-17 00:00:00,Store 1,Product B,98,11,0,0,341,Tuesday,Dec
2024-12-18 00:00:00,Store 3,Product D,73,7,0,0,346,Wednesday,Dec
2024-12-19 00:00:00,Store 1,Product C,141,15,0,0,464,Thursday,Dec
2024-12-20 00:00:00,Store 1,Product A,119,9,0,0,321,Friday,Dec
2024-12-21 00:00:00,Store 3,Product C,164,15,1,1,484,Saturday,Dec
2024-12-22 00:00:00,Store 1,Product E,187,19,1,1,406,Sunday,Dec
2024-12-23 00:00:00,Store 3,Product D,79,9,0,0,326,Monday,Dec
2024-12-24 00:00:00,Store 2,Product C,148,14,1,0,340,Tuesday,Dec
2024-12-25 00:00:00,Store 1,Product B,112,11,1,0,379,Wednesday,Dec
2024-12-26 00:00:00,Store 2,Product E,163,21,0,0,461,Thursday,Dec
2024-12-27 00:00:00,Store 3,Product E,182,20,1,0,459,Friday,Dec
2024-12-28 00:00:00,Store 2,Product C,153,15,0,1,388,Saturday,Dec
2024-12-29 00:00:00,Store 2,Product C,149,14,0,1,365,Sunday,Dec
2024-12-30 00:00:00,Store 3,Product D,97,9,1,0,311,Monday,Dec
2024-01-01 00:00:00,Store 2,Product A,113,10,0,0,467,Monday,Jan
2024-01-02 00:00:00,Store 2,Product C,149,14,1,0,372,Tuesday,Jan
2024-01-03 00:00:00,Store 3,Product C,154,16,1,0,375,Wednesday,Jan
2024-01-04 00:00:00,Store 2,Product B,98,12,0,0,389,Thursday,Jan
2024-01-05 00:00:00,Store 3,Product E,180,20,1,0,309,Friday,Jan
2024-01-06 00:00:00,Store 2,Product A,132,11,0,1,395,Saturday,Jan
2024-01-07 00:00:00,Store 3,Product B,104,13,0,1,475,Sunday,Jan
2024-01-08 00:00:00,Store 3,Product D,82,9,0,0,319,Monday,Jan
2024-01-09 00:00:00,Store 2,Product D,91,9,1,0,338,Tuesday,Jan
2024-01-10 00:00:00,Store 2,Product C,135,14,0,0,359,Wednesday,Jan
2024-01-11 00:00:00,Store 2,Product C,139,16,0,0,365,Thursday,Jan
2024-01-12 00:00:00,Store 1,Product D,80,8,0,0,364,Friday,Jan
2024-01-13 00:00:00,Store 1,Product C,159,15,1,1,478,Saturday,Jan
2024-01-14 00:00:00,Store 1,Product A,132,9,0,1,423,Sunday,Jan
2024-01-15 00:00:00,Store 3,Product C,139,15,0,0,463,Monday,Jan
2024-01-16 00:00:00,Store 2,Product E,171,20,0,0,451,Tuesday,Jan
2024-01-17 00:00:00,Store 3,Product C,139,16,0,0,454,Wednesday,Jan
2024-01-18 00:00:00,Store 1,Product B,114,12,1,0,429,Thursday,Jan
2024-01-19 00:00:00,Store 2,Product A,123,9,0,0,458,Friday,Jan
2024-01-20 00:00:00,Store 3,Product B,104,13,0,1,356,Saturday,Jan
2024-01-21 00:00:00,Store 2,Product B,122,13,1,1,377,Sunday,Jan
2024-01-22 00:00:00,Store 3,Product E,164,19,0,0,493,Monday,Jan
2024-01-23 00:00:00,Store 2,Product A,132,11,1,0,328,Tuesday,Jan
2024-01-24 00:00:00,Store 1,Product A,115,11,0,0,314,Wednesday,Jan
2024-01-25 00:00:00,Store 1,Product A,139,9,1,0,311,Thursday,Jan
2024-01-26 00:00:00,Store 2,Product A,118,11,0,0,400,Friday,Jan
2024-01-27 00:00:00,Store 3,Product A,133,9,0,1,455,Saturday,Jan
2024-01-28 00:00:00,Store 1,Product E,197,19,1,1,383,Sunday,Jan
2024-01-29 00:00:00,Store 1,Product C,159,15,1,0,424,Monday,Jan
2024-01-30 00:00:00,Store 1,Product B,118,12,1,0,402,Tuesday,Jan
2024-01-31 00:00:00,Store 2,Product A,116,11,0,0,323,Wednesday,Jan
2024-02-01 00:00:00,Store 2,Product C,156,16,1,0,448,Thursday,Feb
2024-02-02 00:00:00,Store 3,Product C,151,14,1,0,437,Friday,Feb
2024-02-03 00:00:00,Store 3,Product B,109,13,0,1,409,Saturday,Feb
2024-02-04 00:00:00,Store 3,Product E,192,19,1,1,377,Sunday,Feb
2024-02-05 00:00:00,Store 2,Product D,97,7,1,0,400,Monday,Feb
2024-02-06 00:00:00,Store 2,Product D,85,9,0,0,445,Tuesday,Feb
2024-02-07 00:00:00,Store 3,Product C,140,14,0,0,441,Wednesday,Feb
2024-02-08 00:00:00,Store 3,Product B,102,12,0,0,461,Thursday,Feb
2024-02-09 00:00:00,Store 2,Product D,75,9,0,0,427,Friday,Feb
2024-02-10 00:00:00,Store 3,Product C,150,15,0,1,357,Saturday,Feb
2024-02-11 00:00:00,Store 1,Product E,175,21,0,1,375,Sunday,Feb
2024-02-12 00:00:00,Store 2,Product D,75,7,0,0,449,Monday,Feb
2024-02-13 00:00:00,Store 3,Product C,142,16,0,0,497,Tuesday,Feb
2024-02-14 00:00:00,Store 2,Product C,141,15,0,0,335,Wednesday,Feb
2024-02-15 00:00:00,Store 1,Product A,132,9,1,0,472,Thursday,Feb
2024-02-16 00:00:00,Store 2,Product E,185,21,1,0,463,Friday,Feb
2024-02-17 00:00:00,Store 2,Product A,133,11,0,1,321,Saturday,Feb
2024-02-18 00:00:00,Store 2,Product B,126,13,1,1,426,Sunday,Feb
2024-02-19 00:00:00,Store 2,Product A,117,10,0,0,379,Monday,Feb
2024-02-20 00:00:00,Store 1,Product A,120,10,0,0,488,Tuesday,Feb
2024-02-21 00:00:00,Store 2,Product D,85,9,0,0,399,Wednesday,Feb
2024-02-22 00:00:00,Store 2,Product C,138,14,0,0,483,Thursday,Feb
2024-02-23 00:00:00,Store 3,Product E,182,19,1,0,395,Friday,Feb
2024-02-24 00:00:00,Store 2,Product A,148,10,1,1,460,Saturday,Feb
2024-02-25 00:00:00,Store 3,Product E,185,19,0,1,472,Sunday,Feb
2024-02-26 00:00:00,Store 1,Product A,117,10,0,0,463,Monday,Feb
2024-02-27 00:00:00,Store 1,Product B,96,13,0,0,447,Tuesday,Feb
2024-02-28 00:00:00,Store 1,Product A,117,10,0,0,317,Wednesday,Feb
2024-02-29 00:00:00,Store 1,Product D,82,8,0,0,337,Thursday,Feb
2024-03-01 00:00:00,Store 3,Product C,145,16,0,0,494,Friday,Mar
2024-03-02 00:00:00,Store 2,Product B,121,11,1,1,450,Saturday,Mar
2024-03-03 00:00:00,Store 1,Product A,146,10,1,1,408,Sunday,Mar
2024-03-04 00:00:00,Store 2,Product E,172,20,0,0,422,Monday,Mar
2024-03-05 00:00:00,Store 3,Product B,119,13,1,0,443,Tuesday,Mar
2024-03-06 00:00:00,Store 3,Product B,103,11,0,0,486,Wednesday,Mar
2024-03-07 00:00:00,Store 3,Product A,131,10,0,1,496,Thursday,Mar
2024-03-08 00:00:00,Store 1,Product B,98,13,0,0,495,Friday,Mar
2024-03-09 00:00:00,Store 2,Product E,183,20,0,1,448,Saturday,Mar
2024-03-10 00:00:00,Store 2,Product B,127,13,1,1,403,Sunday,Mar
2024-03-11 00:00:00,Store 2,Product E,178,19,0,1,497,Monday,Mar
2024-03-12 00:00:00,Store 3,Product A,124,9,0,0,439,Tuesday,Mar
2024-03-13 00:00:00,Store 1,Product C,137,14,0,0,443,Wednesday,Mar
2024-03-14 00:00:00,Store 3,Product B,98,11,0,0,380,Thursday,Mar
2024-03-15 00:00:00,Store 3,Product C,152,15,1,0,386,Friday,Mar
2024-03-16 00:00:00,Store 2,Product E,177,20,0,1,441,Saturday,Mar
2024-03-17 00:00:00,Store 3,Product B,110,11,0,1,360,Sunday,Mar
2024-03-18 00:00:00,Store 2,Product D,81,7,0,0,498,Monday,Mar
2024-03-19 00:00:00,Store 1,Product C,142,14,0,0,345,Tuesday,Mar
2024-03-20 00:00:00,Store 2,Product B,101,12,0,0,331,Wednesday,Mar
2024-03-21 00:00:00,Store 1,Product C,137,14,0,0,314,Thursday,Mar
2024-03-22 00:00:00,Store 2,Product B,99,11,0,0,343,Friday,Mar
2024-03-23 00:00:00,Store 3,Product A,142,9,1,1,444,Saturday,Mar
2024-03-24 00:00:00,Store 3,Product C,172,16,1,1,468,Sunday,Mar
2024-03-25 00:00:00,Store 1,Product D,96,7,1,0,353,Monday,Mar
2024-03-26 00:00:00,Store 1,Product D,81,9,0,0,343,Tuesday,Mar
2024-03-27 00:00:00,Store 1,Product E,177,21,0,0,397,Wednesday,Mar
2024-03-28 00:00:00,Store 2,Product B,102,11,0,0,304,Thursday,Mar
2024-03-29 00:00:00,Store 2,Product C,159,16,1,0,408,Friday,Mar
2024-03-30 00:00:00,Store 1,Product E,186,19,0,1,326,Saturday,Mar
2024-03-31 00:00:00,Store 3,Product C,147,15,0,1,415,Sunday,Mar
2024-04-01 00:00:00,Store 2,Product B,100,12,0,0,386,Monday,Apr
2024-04-02 00:00:00,Store 2,Product D,86,8,0,0,403,Tuesday,Apr
2024-04-03 00:00:00,Store 2,Product A,127,10,0,0,422,Wednesday,Apr
2024-04-04 00:00:00,Store 1,Product D,77,9,0,0,378,Thursday,Apr
2024-04-05 00:00:00,Store 1,Product E,191,19,1,0,342,Friday,Apr
2024-04-06 00:00:00,Store 1,Product A,138,9,0,1,396,Saturday,Apr
2024-04-07 00:00:00,Store 1,Product E,184,19,0,1,330,Sunday,Apr
2024-04-08 00:00:00,Store 1,Product B,104,12,0,0,398,Monday,Apr
2024-04-09 00:00:00,Store 3,Product A,122,10,0,0,316,Tuesday,Apr
2024-04-10 00:00:00,Store 3,Product E,174,19,0,0,382,Wednesday,Apr
2024-04-11 00:00:00,Store 1,Product B,114,12,1,0,409,Thursday,Apr
2024-04-12 00:00:00,Store 2,Product D,81,7,0,0,481,Friday,Apr
2024-04-13 00:00:00,Store 1,Product B,129,11,1,1,489,Saturday,Apr
2024-04-14 00:00:00,Store 3,Product C,150,14,0,1,331,Sunday,Apr
2024-04-15 00:00:00,Store 3,Product B,99,11,0,0,467,Monday,Apr
2024-04-16 00:00:00,Store 2,Product B,122,11,1,0,440,Tuesday,Apr
2024-04-17 00:00:00,Store 3,Product C,139,14,0,0,334,Wednesday,Apr
2024-04-18 00:00:00,Store 1,Product E,168,19,0,0,432,Thursday,Apr
2024-04-19 00:00:00,Store 2,Product E,172,20,0,0,328,Friday,Apr
2024-04-20 00:00:00,Store 1,Product B,113,11,0,1,369,Saturday,Apr
2024-04-21 00:00:00,Store 1,Product C,168,14,1,1,452,Sunday,Apr
2024-04-22 00:00:00,Store 2,Product C,146,15,0,0,394,Monday,Apr
2024-04-23 00:00:00,Store 1,Product D,96,8,1,0,321,Tuesday,Apr
2024-04-24 00:00:00,Store 3,Product E,183,20,1,0,493,Wednesday,Apr
2024-04-25 00:00:00,Store 1,Product A,124,9,0,0,472,Thursday,Apr
2024-04-26 00:00:00,Store 2,Product E,188,21,1,0,368,Friday,Apr
2024-04-27 00:00:00,Store 2,Product E,188,21,0,1,388,Saturday,Apr
2024-04-28 00:00:00,Store 2,Product D,109,8,1,1,371,Sunday,Apr
2024-04-29 00:00:00,Store 1,Product A,121,11,0,0,428,Monday,Apr
2024-04-30 00:00:00,Store 2,Product D,80,8,0,0,471,Tuesday,Apr
2024-05-01 00:00:00,Store 2,Product A,124,9,0,0,386,Wednesday,May
2024-05-02 00:00:00,Store 1,Product B,99,13,0,0,395,Thursday,May
2024-05-03 00:00:00,Store 3,Product A,135,9,0,1,374,Friday,May
2024-05-04 00:00:00,Store 1,Product D,110,9,1,1,466,Saturday,May
2024-05-05 00:00:00,Store 2,Product E,188,19,0,1,353,Sunday,May
2024-05-06 00:00:00,Store 2,Product A,125,11,0,0,387,Monday,May
2024-05-07 00:00:00,Store 1,Product A,144,9,1,0,456,Tuesday,May
2024-05-08 00:00:00,Store 3,Product C,148,14,0,0,353,Wednesday,May
2024-05-09 00:00:00,Store 2,Product E,184,21,1,0,315,Thursday,May
2024-05-10 00:00:00,Store 2,Product B,127,11,1,1,398,Friday,May
2024-05-11 00:00:00,Store 2,Product D,110,7,1,1,319,Saturday,May
2024-05-12 00:00:00,Store 1,Product B,134,11,1,1,345,Sunday,May
2024-05-13 00:00:00,Store 2,Product E,177,21,0,0,494,Monday,May
2024-05-14 00:00:00,Store 3,Product A,123,11,0,0,492,Tuesday,May
2024-05-15 00:00:00,Store 2,Product A,136,9,1,0,426,Wednesday,May
2024-05-16 00:00:00,Store 2,Product E,176,19,0,0,357,Thursday,May
2024-05-17 00:00:00,Store 3,Product A,139,11,0,1,480,Friday,May
2024-05-18 00:00:00,Store 2,Product A,130,11,0,1,410,Saturday,May
2024-05-19 00:00:00,Store 1,Product A,151,9,1,1,428,Sunday,May
2024-05-20 00:00:00,Store 1,Product D,85,7,0,0,380,Monday,May
2024-05-21 00:00:00,Store 1,Product D,86,7,0,0,493,Tuesday,May
2024-05-22 00:00:00,Store 3,Product C,149,15,0,0,456,Wednesday,May
2024-05-23 00:00:00,Store 2,Product B,102,13,0,0,383,Thursday,May
2024-05-24 00:00:00,Store 1,Product E,172,20,0,0,369,Friday,May
2024-05-25 00:00:00,Store 3,Product E,186,21,0,1,307,Saturday,May
2024-05-26 00:00:00,Store 2,Product E,181,21,0,1,328,Sunday,May
2024-05-27 00:00:00,Store 3,Product C,155,16,1,0,411,Monday,May
2024-05-28 00:00:00,Store 1,Product D,88,9,0,0,478,Tuesday,May
2024-05-29 00:00:00,Store 1,Product C,163,16,1,0,460,Wednesday,May
2024-05-30 00:00:00,Store 1,Product E,191,21,1,0,430,Thursday,May
2024-05-31 00:00:00,Store 3,Product B,106,13,0,0,487,Friday,May
2024-06-01 00:00:00,Store 3,Product A,132,10,0,1,462,Saturday,Jun
2024-06-02 00:00:00,Store 1,Product D,99,7,0,1,496,Sunday,Jun
2024-06-03 00:00:00,Store 3,Product D,96,7,1,0,407,Monday,Jun
2024-06-04 00:00:00,Store 1,Product C,151,15,0,0,408,Tuesday,Jun
2024-06-05 00:00:00,Store 1,Product D,87,8,0,0,319,Wednesday,Jun
2024-06-06 00:00:00,Store 2,Product E,189,20,0,1,372,Thursday,Jun
2024-06-07 00:00:00,Store 3,Product E,171,20,0,0,466,Friday,Jun
2024-06-08 00:00:00,Store 1,Product C,154,16,0,1,303,Saturday,Jun
2024-06-09 00:00:00,Store 1,Product E,186,19,0,1,318,Sunday,Jun
2024-06-10 00:00:00,Store 3,Product B,122,13,1,0,401,Monday,Jun
2024-06-11 00:00:00,Store 2,Product C,150,14,0,0,472,Tuesday,Jun
2024-06-12 00:00:00,Store 2,Product B,107,11,0,0,470,Wednesday,Jun
2024-06-13 00:00:00,Store 1,Product A,130,10,0,0,440,Thursday,Jun
2024-06-14 00:00:00,Store 3,Product B,117,13,1,0,440,Friday,Jun
2024-06-15 00:00:00,Store 2,Product A,134,10,0,1,487,Saturday,Jun
2024-06-16 00:00:00,Store 3,Product A,150,11,1,1,484,Sunday,Jun
2024-06-17 00:00:00,Store 3,Product B,101,11,0,0,385,Monday,Jun
2024-06-18 00:00:00,Store 1,Product C,141,15,0,0,351,Tuesday,Jun
2024-06-19 00:00:00,Store 2,Product E,180,20,0,0,410,Wednesday,Jun
2024-06-20 00:00:00,Store 1,Product E,173,19,0,0,480,Thursday,Jun
2024-06-21 00:00:00,Store 2,Product A,130,9,0,0,408,Friday,Jun
2024-06-22 00:00:00,Store 2,Product A,133,9,0,1,385,Saturday,Jun
2024-06-23 00:00:00,Store 2,Product C,173,15,1,1,342,Sunday,Jun
2024-06-24 00:00:00,Store 2,Product D,90,9,0,0,499,Monday,Jun
2024-06-25 00:00:00,Store 2,Product B,112,12,0,0,499,Tuesday,Jun
2024-06-26 00:00:00,Store 3,Product A,122,11,0,0,341,Wednesday,Jun
2024-06-27 00:00:00,Store 1,Product E,182,20,0,0,389,Thursday,Jun
2024-06-28 00:00:00,Store 3,Product C,143,15,0,0,414,Friday,Jun
2024-06-29 00:00:00,Store 2,Product B,121,11,0,1,325,Saturday,Jun
2024-06-30 00:00:00,Store 1,Product C,153,16,0,1,450,Sunday,Jun
2024-07-01 00:00:00,Store 2,Product B,105,12,0,0,342,Monday,Jul
2024-07-02 00:00:00,Store 1,Product B,103,12,0,0,376,Tuesday,Jul
2024-07-03 00:00:00,Store 3,Product A,128,9,0,0,455,Wednesday,Jul
2024-07-04 00:00:00,Store 1,Product C,150,14,0,0,436,Thursday,Jul
2024-07-05 00:00:00,Store 1,Product C,148,16,0,0,319,Friday,Jul
2024-07-06 00:00:00,Store 1,Product E,202,20,1,1,483,Saturday,Jul
2024-07-07 00:00:00,Store 1,Product E,191,21,0,1,338,Sunday,Jul
2024-07-08 00:00:00,Store 1,Product A,122,10,0,0,478,Monday,Jul
2024-07-09 00:00:00,Store 2,Product A,132,11,0,0,311,Tuesday,Jul
2024-07-10 00:00:00,Store 1,Product D,106,7,1,0,482,Wednesday,Jul
2024-07-11 00:00:00,Store 1,Product E,195,20,1,0,310,Thursday,Jul
2024-07-12 00:00:00,Store 3,Product B,106,13,0,0,453,Friday,Jul
2024-07-13 00:00:00,Store 1,Product C,177,14,1,1,341,Saturday,Jul
2024-07-14 00:00:00,Store 3,Product A,137,9,0,1,454,Sunday,Jul
2024-07-15 00:00:00,Store 2,Product C,148,16,0,0,310,Monday,Jul
2024-07-16 00:00:00,Store 1,Product C,166,15,1,0,337,Tuesday,Jul
2024-07-17 00:00:00,Store 3,Product D,105,8,1,0,397,Wednesday,Jul
2024-07-18 00:00:00,Store 3,Product E,180,19,0,0,470,Thursday,Jul
2024-07-19 00:00:00,Store 2,Product A,130,10,0,0,318,Friday,Jul
2024-07-20 00:00:00,Store 1,Product C,153,15,0,1,491,Saturday,Jul
2024-07-21 00:00:00,Store 1,Product A,133,10,0,1,433,Sunday,Jul
2024-07-22 00:00:00,Store 3,Product B,125,11,1,0,473,Monday,Jul
2024-07-23 00:00:00,Store 1,Product D,87,9,0,0,415,Tuesday,Jul
2024-07-24 00:00:00,Store 3,Product B,111,12,0,0,412,Wednesday,Jul
2024-07-25 00:00:00,Store 1,Product A,124,9,0,0,469,Thursday,Jul
2024-07-26 00:00:00,Store 3,Product A,131,9,0,0,364,Friday,Jul
2024-07-27 00:00:00,Store 1,Product E,190,21,0,1,398,Saturday,Jul
2024-07-28 00:00:00,Store 2,Product C,161,15,0,1,371,Sunday,Jul
2024-07-29 00:00:00,Store 1,Product C,161,15,1,0,486,Monday,Jul
2024-07-30 00:00:00,Store 1,Product B,118,13,1,0,351,Tuesday,Jul
2024-07-31 00:00:00,Store 2,Product D,83,9,0,0,417,Wednesday,Jul
2024-08-01 00:00:00,Store 1,Product C,162,14,1,0,474,Thursday,Aug
2024-08-02 00:00:00,Store 2,Product E,189,19,1,0,419,Friday,Aug
2024-08-03 00:00:00,Store 1,Product B,136,13,1,1,306,Saturday,Aug
2024-08-04 00:00:00,Store 3,Product B,123,12,0,1,310,Sunday,Aug
2024-08-05 00:00:00,Store 3,Product E,184,19,0,0,402,Monday,Aug
2024-08-06 00:00:00,Store 1,Product D,88,7,0,0,360,Tuesday,Aug
2024-08-07 00:00:00,Store 1,Product E,178,20,0,0,367,Wednesday,Aug
2024-08-08 00:00:00,Store 1,Product D,85,7,0,0,452,Thursday,Aug
2024-08-09 00:00:00,Store 3,Product E,180,20,0,0,439,Friday,Aug
2024-08-10 00:00:00,Store 1,Product E,191,20,0,1,453,Saturday,Aug
2024-08-11 00:00:00,Store 3,Product A,158,10,1,1,401,Sunday,Aug
2024-08-12 00:00:00,Store 2,Product B,104,13,0,0,409,Monday,Aug
2024-08-13 00:00:00,Store 3,Product E,175,21,0,0,439,Tuesday,Aug
2024-08-14 00:00:00,Store 3,Product E,198,21,1,0,470,Wednesday,Aug
2024-08-15 00:00:00,Store 2,Product C,162,15,1,0,350,Thursday,Aug
2024-08-16 00:00:00,Store 3,Product B,123,12,1,0,416,Friday,Aug
2024-08-17 00:00:00,Store 1,Product C,170,16,1,1,464,Saturday,Aug
2024-08-18 00:00:00,Store 1,Product B,114,11,0,1,345,Sunday,Aug
2024-08-19 00:00:00,Store 3,Product C,167,15,1,0,352,Monday,Aug
2024-08-20 00:00:00,Store 1,Product E,174,19,0,0,387,Tuesday,Aug
2024-08-21 00:00:00,Store 3,Product E,177,19,0,0,420,Wednesday,Aug
2024-08-22 00:00:00,Store 1,Product A,125,10,0,0,312,Thursday,Aug
2024-08-23 00:00:00,Store 1,Product C,155,15,0,0,388,Friday,Aug
2024-08-24 00:00:00,Store 3,Product D,98,7,0,1,424,Saturday,Aug
2024-08-25 00:00:00,Store 1,Product A,142,9,0,1,417,Sunday,Aug
2024-08-26 00:00:00,Store 3,Product C,167,16,1,0,353,Monday,Aug
2024-08-27 00:00:00,Store 1,Product C,165,16,0,1,484,Tuesday,Aug
2024-08-28 00:00:00,Store 1,Product A,133,10,0,0,415,Wednesday,Aug
2024-08-29 00:00:00,Store 2,Product E,200,21,1,0,417,Thursday,Aug
2024-08-30 00:00:00,Store 2,Product C,149,16,0,0,303,Friday,Aug
2024-08-31 00:00:00,Store 3,Product E,191,21,0,1,374,Saturday,Aug
2024-09-01 00:00:00,Store 2,Product A,137,11,0,1,348,Sunday,Sep
2024-09-02 00:00:00,Store 3,Product E,184,19,0,0,306,Monday,Sep
2024-09-03 00:00:00,Store 2,Product B,108,12,0,0,409,Tuesday,Sep
2024-09-04 00:00:00,Store 1,Product D,109,9,1,0,421,Wednesday,Sep
2024-09-05 00:00:00,Store 3,Product C,153,14,0,0,310,Thursday,Sep
2024-09-06 00:00:00,Store 3,Product D,94,7,0,0,391,Friday,Sep
2024-09-07 00:00:00,Store 1,Product E,209,19,1,1,481,Saturday,Sep
2024-09-08 00:00:00,Store 3,Product C,170,16,1,1,472,Sunday,Sep
2024-09-09 00:00:00,Store 3,Product E,176,21,0,0,322,Monday,Sep
2024-09-10 00:00:00,Store 2,Product B,109,12,0,0,327,Tuesday,Sep
2024-09-11 00:00:00,Store 3,Product A,127,11,0,0,410,Wednesday,Sep
2024-09-12 00:00:00,Store 1,Product C,147,16,0,0,356,Thursday,Sep
2024-09-13 00:00:00,Store 2,Product B,106,11,0,0,325,Friday,Sep
2024-09-14 00:00:00,Store 2,Product B,125,12,0,1,452,Saturday,Sep
2024-09-15 00:00:00,Store 1,Product C,173,16,1,1,353,Sunday,Sep
2024-09-16 00:00:00,Store 1,Product E,176,21,0,0,328,Monday,Sep
2024-09-17 00:00:00,Store 2,Product B,106,11,0,0,396,Tuesday,Sep
2024-09-18 00:00:00,Store 3,Product D,86,7,0,0,463,Wednesday,Sep
2024-09-19 00:00:00,Store 2,Product B,113,13,0,0,313,Thursday,Sep
2024-09-20 00:00:00,Store 1,Product E,178,20,0,0,377,Friday,Sep
2024-09-21 00:00:00,Store 2,Product E,196,20,0,1,334,Saturday,Sep
2024-09-22 00:00:00,Store 1,Product D,111,7,1,1,329,Sunday,Sep
2024-09-23 00:00:00,Store 2,Product B,112,11,0,0,391,Monday,Sep
2024-09-24 00:00:00,Store 3,Product E,185,21,0,0,316,Tuesday,Sep
2024-09-25 00:00:00,Store 2,Product C,148,14,0,0,494,Wednesday,Sep
2024-09-26 00:00:00,Store 2,Product A,133,11,0,0,457,Thursday,Sep
2024-09-27 00:00:00,Store 1,Product A,129,10,0,0,392,Friday,Sep
2024-09-28 00:00:00,Store 1,Product A,139,10,0,1,472,Saturday,Sep
2024-09-29 00:00:00,Store 1,Product B,120,13,0,1,378,Sunday,Sep
2024-09-30 00:00:00,Store 2,Product D,91,7,0,0,409,Monday,Sep
2024-10-01 00:00:00,Store 3,Product E,197,20,1,0,478,Tuesday,Oct
2024-10-02 00:00:00,Store 1,Product C,165,14,1,0,401,Wednesday,Oct
2024-10-03 00:00:00,Store 1,Product C,169,15,1,0,405,Thursday,Oct
2024-10-04 00:00:00,Store 2,Product B,127,13,1,0,346,Friday,Oct
2024-10-05 00:00:00,Store 1,Product A,137,11,0,1,480,Saturday,Oct
2024-10-06 00:00:00,Store 3,Product B,132,13,1,1,363,Sunday,Oct
2024-10-07 00:00:00,Store 3,Product D,95,8,0,0,465,Monday,Oct
2024-10-08 00:00:00,Store 1,Product D,111,7,1,0,363,Tuesday,Oct
2024-10-09 00:00:00,Store 1,Product E,197,19,1,0,386,Wednesday,Oct
2024-10-10 00:00:00,Store 2,Product E,201,19,1,0,306,Thursday,Oct
2024-10-11 00:00:00,Store 3,Product D,109,8,1,0,321,Friday,Oct
2024-10-12 00:00:00,Store 3,Product D,103,8,0,1,380,Saturday,Oct
2024-10-13 00:00:00,Store 1,Product D,102,8,0,1,468,Sunday,Oct
2024-10-14 00:00:00,Store 2,Product B,110,12,0,0,373,Monday,Oct
2024-10-15 00:00:00,Store 3,Product D,93,8,0,0,437,Tuesday,Oct
2024-10-16 00:00:00,Store 3,Product C,155,14,0,0,484,Wednesday,Oct
2024-10-17 00:00:00,Store 2,Product A,137,10,0,0,434,Thursday,Oct
2024-10-18 00:00:00,Store 2,Product D,111,8,1,0,424,Friday,Oct
2024-10-19 00:00:00,Store 3,Product A,146,9,0,1,349,Saturday,Oct
2024-10-20 00:00:00,Store 3,Product B,138,12,1,1,351,Sunday,Oct
2024-10-21 00:00:00,Store 2,Product A,142,9,1,0,460,Monday,Oct
2024-10-22 00:00:00,Store 3,Product B,132,11,1,0,300,Tuesday,Oct
2024-10-23 00:00:00,Store 1,Product C,171,16,1,0,480,Wednesday,Oct
2024-10-24 00:00:00,Store 1,Product B,111,13,0,0,487,Thursday,Oct
2024-10-25 00:00:00,Store 2,Product B,125,13,1,0,461,Friday,Oct
2024-10-26 00:00:00,Store 2,Product E,206,21,1,1,303,Saturday,Oct
2024-10-27 00:00:00,Store 2,Product D,101,8,0,1,444,Sunday,Oct
2024-10-28 00:00:00,Store 1,Product D,97,9,0,0,431,Monday,Oct
2024-10-29 00:00:00,Store 3,Product C,173,14,1,0,470,Tuesday,Oct
2024-10-30 00:00:00,Store 1,Product C,159,15,0,1,303,Wednesday,Oct
2024-10-31 00:00:00,Store 3,Product D,88,9,0,0,300,Thursday,Oct
2024-11-01 00:00:00,Store 1,Product E,187,19,0,0,370,Friday,Nov
2024-11-02 00:00:00,Store 3,Product D,98,8,0,1,477,Saturday,Nov
2024-11-03 00:00:00,Store 1,Product E,195,20,0,1,488,Sunday,Nov
2024-11-04 00:00:00,Store 2,Product C,164,16,1,0,334,Monday,Nov
2024-11-05 00:00:00,Store 1,Product A,137,10,0,0,307,Tuesday,Nov
2024-11-06 00:00:00,Store 3,Product C,152,14,0,0,451,Wednesday,Nov
2024-11-07 00:00:00,Store 1,Product C,151,15,0,0,335,Thursday,Nov
2024-11-08 00:00:00,Store 1,Product B,115,11,0,0,477,Friday,Nov
2024-11-09 00:00:00,Store 1,Product B,134,12,1,1,422,Saturday,Nov
2024-11-10 00:00:00,Store 2,Product B,127,13,0,1,342,Sunday,Nov
2024-11-11 00:00:00,Store 1,Product B,117,11,0,0,326,Monday,Nov
2024-11-12 00:00:00,Store 2,Product E,185,20,0,0,331,Tuesday,Nov
2024-11-13 00:00:00,Store 2,Product D,95,8,0,0,377,Wednesday,Nov
2024-11-14 00:00:00,Store 1,Product A,144,10,1,0,420,Thursday,Nov
2024-11-15 00:00:00,Store 1,Product C,165,14,1,0,445,Friday,Nov
2024-11-16 00:00:00,Store 1,Product E,192,19,0,1,455,Saturday,Nov
2024-11-17 00:00:00,Store 3,Product A,142,9,0,1,456,Sunday,Nov
2024-11-18 00:00:00,Store 1,Product E,189,21,0,0,315,Monday,Nov
2024-11-19 00:00:00,Store 2,Product E,181,21,0,0,398,Tuesday,Nov
2024-11-20 00:00:00,Store 1,Product C,155,14,0,0,346,Wednesday,Nov
2024-11-21 00:00:00,Store 3,Product D,96,8,0,0,486,Thursday,Nov
2024-11-22 00:00:00,Store 1,Product B,110,13,0,0,330,Friday,Nov
2024-11-23 00:00:00,Store 3,Product D,102,7,0,1,303,Saturday,Nov
2024-11-24 00:00:00,Store 3,Product C,176,15,1,1,464,Sunday,Nov
2024-11-25 00:00:00,Store 1,Product C,165,16,1,0,316,Monday,Nov
2024-11-26 00:00:00,Store 2,Product C,154,15,0,0,338,Tuesday,Nov
2024-11-27 00:00:00,Store 3,Product A,147,10,1,0,347,Wednesday,Nov
2024-11-28 00:00:00,Store 1,Product D,94,8,0,0,473,Thursday,Nov
2024-11-29 00:00:00,Store 1,Product D,90,8,0,0,475,Friday,Nov
2024-11-30 00:00:00,Store 2,Product E,207,21,1,1,338,Saturday,Nov
2024-12-01 00:00:00,Store 3,Product E,215,21,1,1,431,Sunday,Dec
2024-12-02 00:00:00,Store 3,Product E,200,21,1,0,329,Monday,Dec
2024-12-03 00:00:00,Store 1,Product C,154,14,0,0,457,Tuesday,Dec
2024-12-04 00:00:00,Store 1,Product D,92,9,0,0,321,Wednesday,Dec
2024-12-05 00:00:00,Store 2,Product C,172,15,1,0,365,Thursday,Dec
2024-12-06 00:00:00,Store 2,Product A,136,11,0,0,407,Friday,Dec
2024-12-07 00:00:00,Store 3,Product E,192,20,0,1,311,Saturday,Dec
2024-12-08 00:00:00,Store 3,Product C,165,14,0,1,335,Sunday,Dec
2024-12-09 00:00:00,Store 1,Product C,153,15,0,0,317,Monday,Dec
2024-12-10 00:00:00,Store 3,Product A,140,10,0,0,389,Tuesday,Dec
2024-12-11 00:00:00,Store 2,Product B,114,12,0,0,480,Wednesday,Dec
2024-12-12 00:00:00,Store 2,Product D,115,7,1,0,498,Thursday,Dec
2024-12-13 00:00:00,Store 1,Product B,114,13,0,0,300,Friday,Dec
2024-12-14 00:00:00,Store 2,Product E,196,21,0,1,426,Saturday,Dec
2024-12-15 00:00:00,Store 2,Product C,170,14,0,1,485,Sunday,Dec
2024-12-16 00:00:00,Store 2,Product A,134,10,0,0,389,Monday,Dec
2024-12-17 00:00:00,Store 2,Product A,140,11,0,0,386,Tuesday,Dec
2024-12-18 00:00:00,Store 1,Product D,92,7,0,0,389,Wednesday,Dec
2024-12-19 00:00:00,Store 1,Product B,134,13,1,0,433,Thursday,Dec
2024-12-20 00:00:00,Store 3,Product D,94,7,0,0,369,Friday,Dec
2024-12-21 00:00:00,Store 2,Product C,182,15,1,1,343,Saturday,Dec
2024-12-22 00:00:00,Store 3,Product D,105,9,0,1,499,Sunday,Dec
2024-12-23 00:00:00,Store 1,Product A,135,9,0,0,451,Monday,Dec
2024-12-24 00:00:00,Store 1,Product A,139,11,0,0,385,Tuesday,Dec
2024-12-25 00:00:00,Store 1,Product E,183,21,0,0,318,Wednesday,Dec
2024-12-26 00:00:00,Store 1,Product E,201,21,1,0,400,Thursday,Dec
2024-12-27 00:00:00,Store 1,Product C,161,16,0,1,445,Friday,Dec
2024-12-28 00:00:00,Store 1,Product B,130,11,0,1,394,Saturday,Dec
2024-12-29 00:00:00,Store 1,Product D,120,8,1,1,400,Sunday,Dec
2024-12-30 00:00:00,Store 2,Product C,173,14,1,0,329,Monday,Dec
2024-01-01 00:00:00,Store 3,Product E,200,19,1,0,469,Monday,Jan
2024-01-02 00:00:00,Store 1,Product D,99,7,0,0,332,Tuesday,Jan
2024-01-03 00:00:00,Store 2,Product E,206,20,1,0,311,Wednesday,Jan
2024-01-04 00:00:00,Store 2,Product D,96,9,0,0,417,Thursday,Jan
2024-01-05 00:00:00,Store 3,Product B,118,13,0,0,393,Friday,Jan
2024-01-06 00:00:00,Store 1,Product C,170,16,0,1,454,Saturday,Jan
2024-01-07 00:00:00,Store 3,Product D,108,8,0,1,466,Sunday,Jan
2024-01-08 00:00:00,Store 1,Product A,133,11,0,0,436,Monday,Jan
2024-01-09 00:00:00,Store 2,Product A,137,10,0,0,448,Tuesday,Jan
2024-01-10 00:00:00,Store 2,Product D,112,9,1,0,375,Wednesday,Jan
2024-01-11 00:00:00,Store 2,Product D,101,9,0,0,328,Thursday,Jan
2024-01-12 00:00:00,Store 2,Product D,97,7,0,0,460,Friday,Jan
2024-01-13 00:00:00,Store 3,Product A,148,10,0,1,489,Saturday,Jan
2024-01-14 00:00:00,Store 1,Product A,158,9,1,1,416,Sunday,Jan
2024-01-15 00:00:00,Store 1,Product D,100,7,0,0,314,Monday,Jan
2024-01-16 00:00:00,Store 3,Product E,191,19,0,0,301,Tuesday,Jan
2024-01-17 00:00:00,Store 1,Product E,206,20,1,0,479,Wednesday,Jan
2024-01-18 00:00:00,Store 2,Product B,127,12,1,0,416,Thursday,Jan
2024-01-19 00:00:00,Store 1,Product C,152,16,0,0,471,Friday,Jan
2024-01-20 00:00:00,Store 2,Product E,194,19,0,1,481,Saturday,Jan
2024-01-21 00:00:00,Store 3,Product A,159,11,1,1,317,Sunday,Jan
2024-01-22 00:00:00,Store 1,Product E,182,19,0,0,302,Monday,Jan
2024-01-23 00:00:00,Store 3,Product B,118,12,0,0,434,Tuesday,Jan
2024-01-24 00:00:00,Store 1,Product B,130,12,1,0,470,Wednesday,Jan
2024-01-25 00:00:00,Store 2,Product C,161,15,0,0,465,Thursday,Jan
2024-01-26 00:00:00,Store 3,Product E,183,19,0,0,464,Friday,Jan
2024-01-27 00:00:00,Store 1,Product A,151,10,0,1,485,Saturday,Jan
2024-01-28 00:00:00,Store 2,Product A,146,9,0,1,460,Sunday,Jan
2024-01-29 00:00:00,Store 3,Product D,97,9,0,0,407,Monday,Jan
2024-01-30 00:00:00,Store 3,Product A,155,9,1,0,486,Tuesday,Jan
2024-01-31 00:00:00,Store 1,Product C,156,16,0,0,394,Wednesday,Jan
2024-02-01 00:00:00,Store 1,Product C,154,14,0,0,421,Thursday,Feb
2024-02-02 00:00:00,Store 1,Product A,137,11,0,0,310,Friday,Feb
2024-02-03 00:00:00,Store 2,Product A,145,10,0,1,367,Saturday,Feb
2024-02-04 00:00:00,Store 1,Product D,119,9,1,1,422,Sunday,Feb
2024-02-05 00:00:00,Store 3,Product A,133,10,0,0,495,Monday,Feb
2024-02-06 00:00:00,Store 3,Product D,102,8,0,0,412,Tuesday,Feb
2024-02-07 00:00:00,Store 1,Product D,94,9,0,0,397,Wednesday,Feb
2024-02-08 00:00:00,Store 1,Product A,138,9,0,0,392,Thursday,Feb
2024-02-09 00:00:00,Store 3,Product B,120,11,0,0,321,Friday,Feb
2024-02-10 00:00:00,Store 2,Product B,140,11,1,1,493,Saturday,Feb
2024-02-11 00:00:00,Store 1,Product D,128,7,1,1,471,Sunday,Feb
2024-02-12 00:00:00,Store 1,Product A,141,9,0,0,426,Monday,Feb
2024-02-13 00:00:00,Store 3,Product B,121,12,0,0,433,Tuesday,Feb
2024-02-14 00:00:00,Store 1,Product A,159,9,1,1,469,Wednesday,Feb
2024-02-15 00:00:00,Store 2,Product A,155,10,1,0,324,Thursday,Feb
2024-02-16 00:00:00,Store 3,Product A,142,10,0,0,484,Friday,Feb
2024-02-17 00:00:00,Store 1,Product E,203,20,0,1,384,Saturday,Feb
2024-02-18 00:00:00,Store 3,Product A,147,11,0,1,354,Sunday,Feb
2024-02-19 00:00:00,Store 1,Product E,201,21,1,0,443,Monday,Feb
2024-02-20 00:00:00,Store 1,Product D,118,8,1,0,394,Tuesday,Feb
2024-02-21 00:00:00,Store 1,Product B,118,13,0,0,441,Wednesday,Feb
2024-02-22 00:00:00,Store 2,Product B,117,11,0,0,466,Thursday,Feb
2024-02-23 00:00:00,Store 2,Product B,136,11,1,0,455,Friday,Feb
2024-02-24 00:00:00,Store 3,Product B,142,12,1,1,478,Saturday,Feb
2024-02-25 00:00:00,Store 1,Product B,148,11,1,1,418,Sunday,Feb
2024-02-26 00:00:00,Store 1,Product B,134,12,1,0,476,Monday,Feb
2024-02-27 00:00:00,Store 2,Product B,115,12,0,0,308,Tuesday,Feb
2024-02-28 00:00:00,Store 1,Product D,98,7,0,0,485,Wednesday,Feb
2024-02-29 00:00:00,Store 2,Product A,139,11,0,0,472,Thursday,Feb
2024-03-01 00:00:00,Store 1,Product C,158,14,0,0,449,Friday,Mar
2024-03-02 00:00:00,Store 3,Product E,195,19,0,1,459,Saturday,Mar
2024-03-03 00:00:00,Store 1,Product C,185,15,1,1,496,Sunday,Mar
2024-03-04 00:00:00,Store 1,Product C,157,15,0,0,496,Monday,Mar
2024-03-05 00:00:00,Store 2,Product A,156,10,1,0,341,Tuesday,Mar
2024-03-06 00:00:00,Store 1,Product A,140,10,0,0,352,Wednesday,Mar
2024-03-07 00:00:00,Store 1,Product A,165,11,1,1,486,Thursday,Mar
2024-03-08 00:00:00,Store 2,Product B,122,13,0,0,373,Friday,Mar
2024-03-09 00:00:00,Store 3,Product D,104,9,0,1,338,Saturday,Mar
2024-03-10 00:00:00,Store 3,Product B,133,12,0,1,421,Sunday,Mar
2024-03-11 00:00:00,Store 2,Product D,100,8,0,0,314,Monday,Mar
2024-03-12 00:00:00,Store 2,Product D,115,8,1,0,498,Tuesday,Mar
2024-03-13 00:00:00,Store 2,Product C,175,16,1,0,456,Wednesday,Mar
2024-03-14 00:00:00,Store 2,Product C,160,15,0,0,422,Thursday,Mar
2024-03-15 00:00:00,Store 2,Product D,104,7,0,0,410,Friday,Mar
2024-03-16 00:00:00,Store 3,Product D,111,7,0,1,430,Saturday,Mar
2024-03-17 00:00:00,Store 3,Product B,134,12,0,1,382,Sunday,Mar
2024-03-18 00:00:00,Store 2,Product B,135,11,1,0,309,Monday,Mar
2024-03-19 00:00:00,Store 1,Product C,170,14,1,0,391,Tuesday,Mar
2024-03-20 00:00:00,Store 2,Product A,137,11,0,0,328,Wednesday,Mar
2024-03-21 00:00:00,Store 1,Product D,111,8,1,0,334,Thursday,Mar
2024-03-22 00:00:00,Store 2,Product B,120,12,0,0,305,Friday,Mar
2024-03-23 00:00:00,Store 2,Product C,187,16,1,1,439,Saturday,Mar
2024-03-24 00:00:00,Store 3,Product B,127,11,0,1,410,Sunday,Mar
2024-03-25 00:00:00,Store 1,Product D,119,7,1,0,337,Monday,Mar
2024-03-26 00:00:00,Store 1,Product D,117,8,1,0,376,Tuesday,Mar
2024-03-27 00:00:00,Store 3,Product E,192,19,0,0,392,Wednesday,Mar
2024-03-28 00:00:00,Store 3,Product A,154,11,1,0,446,Thursday,Mar
2024-03-29 00:00:00,Store 3,Product E,192,21,0,0,366,Friday,Mar
2024-03-30 00:00:00,Store 3,Product C,170,15,0,1,435,Saturday,Mar
2024-03-31 00:00:00,Store 1,Product B,130,13,0,1,307,Sunday,Mar
2024-04-01 00:00:00,Store 1,Product C,179,16,1,0,421,Monday,Apr
2024-04-02 00:00:00,Store 2,Product D,117,8,1,0,383,Tuesday,Apr
2024-04-03 00:00:00,Store 2,Product E,208,21,1,0,474,Wednesday,Apr
2024-04-04 00:00:00,Store 3,Product E,201,21,1,0,431,Thursday,Apr
2024-04-05 00:00:00,Store 3,Product E,196,21,0,0,478,Friday,Apr
2024-04-06 00:00:00,Store 3,Product C,182,14,1,1,384,Saturday,Apr
2024-04-07 00:00:00,Store 2,Product D,113,8,0,1,494,Sunday,Apr
2024-04-08 00:00:00,Store 2,Product B,124,12,0,0,344,Monday,Apr
2024-04-09 00:00:00,Store 2,Product B,119,12,0,0,435,Tuesday,Apr
2024-04-10 00:00:00,Store 2,Product C,180,14,1,0,386,Wednesday,Apr
2024-04-11 00:00:00,Store 2,Product E,211,19,1,0,315,Thursday,Apr
2024-04-12 00:00:00,Store 2,Product A,145,10,0,0,376,Friday,Apr
2024-04-13 00:00:00,Store 2,Product C,174,14,0,1,494,Saturday,Apr
2024-04-14 00:00:00,Store 3,Product C,184,15,1,1,308,Sunday,Apr
2024-04-15 00:00:00,Store 3,Product D,105,7,0,0,359,Monday,Apr
2024-04-16 00:00:00,Store 3,Product B,140,13,1,0,377,Tuesday,Apr
2024-04-17 00:00:00,Store 3,Product C,180,16,1,0,376,Wednesday,Apr
2024-04-18 00:00:00,Store 2,Product C,164,15,0,0,370,Thursday,Apr
2024-04-19 00:00:00,Store 1,Product E,196,19,0,0,314,Friday,Apr
2024-04-20 00:00:00,Store 2,Product E,218,19,1,1,370,Saturday,Apr
2024-04-21 00:00:00,Store 1,Product A,163,11,1,1,401,Sunday,Apr
2024-04-22 00:00:00,Store 3,Product D,105,9,0,0,468,Monday,Apr
2024-04-23 00:00:00,Store 2,Product A,155,9,1,0,321,Tuesday,Apr
2024-04-24 00:00:00,Store 3,Product E,194,19,0,0,451,Wednesday,Apr
2024-04-25 00:00:00,Store 2,Product B,123,11,0,0,412,Thursday,Apr
2024-04-26 00:00:00,Store 3,Product E,208,19,1,0,471,Friday,Apr
2024-04-27 00:00:00,Store 1,Product D,129,7,1,1,300,Saturday,Apr
2024-04-28 00:00:00,Store 1,Product E,197,19,0,1,309,Sunday,Apr
2024-04-29 00:00:00,Store 1,Product D,116,8,1,0,409,Monday,Apr
2024-04-30 00:00:00,Store 2,Product D,98,7,0,0,499,Tuesday,Apr
2024-05-01 00:00:00,Store 1,Product D,98,9,0,0,483,Wednesday,May
2024-05-02 00:00:00,Store 2,Product D,97,8,0,0,412,Thursday,May
2024-05-03 00:00:00,Store 1,Product D,116,7,1,0,349,Friday,May
2024-05-04 00:00:00,Store 1,Product B,128,13,0,1,311,Saturday,May
2024-05-05 00:00:00,Store 2,Product A,150,10,0,1,388,Sunday,May
2024-05-06 00:00:00,Store 2,Product C,159,16,0,0,487,Monday,May
2024-05-07 00:00:00,Store 1,Product A,164,9,1,1,453,Tuesday,May
2024-05-08 00:00:00,Store 2,Product D,98,7,0,0,411,Wednesday,May
2024-05-09 00:00:00,Store 1,Product B,137,11,1,0,377,Thursday,May
2024-05-10 00:00:00,Store 2,Product E,189,19,0,0,468,Friday,May
2024-05-11 00:00:00,Store 3,Product B,135,12,0,1,463,Saturday,May
2024-05-12 00:00:00,Store 3,Product D,115,8,0,1,420,Sunday,May
2024-05-13 00:00:00,Store 3,Product B,137,13,1,0,322,Monday,May
2024-05-14 00:00:00,Store 3,Product B,142,11,1,0,470,Tuesday,May
2024-05-15 00:00:00,Store 3,Product D,104,9,0,0,433,Wednesday,May
2024-05-16 00:00:00,Store 1,Product B,121,12,0,0,496,Thursday,May
2024-05-17 00:00:00,Store 3,Product C,158,14,0,0,470,Friday,May
2024-05-18 00:00:00,Store 3,Product C,178,14,0,1,324,Saturday,May
2024-05-19 00:00:00,Store 3,Product B,129,12,0,1,317,Sunday,May
2024-05-20 00:00:00,Store 3,Product E,197,20,0,0,489,Monday,May
2024-05-21 00:00:00,Store 2,Product D,107,8,0,0,440,Tuesday,May
2024-05-22 00:00:00,Store 1,Product C,161,15,0,0,342,Wednesday,May
2024-05-23 00:00:00,Store 3,Product E,188,20,0,0,377,Thursday,May
2024-05-24 00:00:00,Store 3,Product B,140,11,1,0,327,Friday,May
2024-05-25 00:00:00,Store 3,Product E,206,20,0,1,445,Saturday,May
2024-05-26 00:00:00,Store 1,Product A,151,9,0,1,358,Sunday,May
2024-05-27 00:00:00,Store 2,Product C,182,14,1,0,487,Monday,May
2024-05-28 00:00:00,Store 1,Product B,120,12,0,0,362,Tuesday,May
2024-05-29 00:00:00,Store 2,Product D,99,8,0,0,484,Wednesday,May
2024-05-30 00:00:00,Store 3,Product B,123,11,0,0,391,Thursday,May
2024-05-31 00:00:00,Store 3,Product D,101,8,0,0,478,Friday,May
2024-06-01 00:00:00,Store 1,Product B,138,12,0,1,355,Saturday,Jun
2024-06-02 00:00:00,Store 1,Product E,205,20,0,1,454,Sunday,Jun
2024-06-03 00:00:00,Store 2,Product E,214,21,1,0,459,Monday,Jun
2024-06-04 00:00:00,Store 2,Product E,194,19,0,0,410,Tuesday,Jun
2024-06-05 00:00:00,Store 1,Product A,139,11,0,0,436,Wednesday,Jun
2024-06-06 00:00:00,Store 2,Product D,106,8,0,0,367,Thursday,Jun
2024-06-07 00:00:00,Store 1,Product E,190,21,0,0,345,Friday,Jun
2024-06-08 00:00:00,Store 2,Product A,153,10,0,1,366,Saturday,Jun
2024-06-09 00:00:00,Store 1,Product D,132,9,1,1,453,Sunday,Jun
2024-06-10 00:00:00,Store 1,Product B,126,12,0,0,435,Monday,Jun
2024-06-11 00:00:00,Store 1,Product A,140,11,0,0,305,Tuesday,Jun
2024-06-12 00:00:00,Store 2,Product C,167,16,0,0,323,Wednesday,Jun
2024-06-13 00:00:00,Store 2,Product A,143,11,0,0,475,Thursday,Jun
2024-06-14 00:00:00,Store 2,Product A,163,9,1,0,393,Friday,Jun
2024-06-15 00:00:00,Store 1,Product D,114,9,0,1,472,Saturday,Jun
2024-06-16 00:00:00,Store 2,Product B,131,11,0,1,312,Sunday,Jun
2024-06-17 00:00:00,Store 2,Product C,161,15,0,0,496,Monday,Jun
2024-06-18 00:00:00,Store 1,Product E,213,21,1,0,324,Tuesday,Jun
2024-06-19 00:00:00,Store 3,Product E,197,20,0,0,447,Wednesday,Jun
2024-06-20 00:00:00,Store 1,Product A,150,10,0,0,417,Thursday,Jun
2024-06-21 00:00:00,Store 2,Product D,124,9,1,0,381,Friday,Jun
2024-06-22 00:00:00,Store 1,Product D,134,7,1,1,410,Saturday,Jun
2024-06-23 00:00:00,Store 3,Product E,201,21,0,1,381,Sunday,Jun
2024-06-24 00:00:00,Store 1,Product C,170,15,0,0,365,Monday,Jun
2024-06-25 00:00:00,Store 2,Product B,121,12,0,0,344,Tuesday,Jun
2024-06-26 00:00:00,Store 3,Product C,164,16,0,0,413,Wednesday,Jun
2024-06-27 00:00:00,Store 2,Product B,125,11,0,0,474,Thursday,Jun
2024-06-28 00:00:00,Store 3,Product E,191,19,0,0,362,Friday,Jun
2024-06-29 00:00:00,Store 3,Product B,134,12,0,1,375,Saturday,Jun
2024-06-30 00:00:00,Store 1,Product D,116,8,0,1,413,Sunday,Jun
2024-07-01 00:00:00,Store 1,Product A,159,9,0,1,410,Monday,Jul
2024-07-02 00:00:00,Store 2,Product A,164,11,1,0,482,Tuesday,Jul
2024-07-03 00:00:00,Store 1,Product E,197,20,0,0,446,Wednesday,Jul
2024-07-04 00:00:00,Store 1,Product D,106,7,0,0,334,Thursday,Jul
2024-07-05 00:00:00,Store 3,Product C,167,15,0,0,352,Friday,Jul
2024-07-06 00:00:00,Store 1,Product D,133,9,1,1,325,Saturday,Jul
2024-07-07 00:00:00,Store 3,Product A,154,9,0,1,313,Sunday,Jul
2024-07-08 00:00:00,Store 3,Product A,144,10,0,0,417,Monday,Jul
2024-07-09 00:00:00,Store 3,Product D,111,9,0,0,344,Tuesday,Jul
2024-07-10 00:00:00,Store 2,Product D,110,8,0,0,471,Wednesday,Jul
2024-07-11 00:00:00,Store 2,Product A,144,11,0,0,492,Thursday,Jul
2024-07-12 00:00:00,Store 2,Product C,169,16,0,0,350,Friday,Jul
2024-07-13 00:00:00,Store 3,Product E,205,19,0,1,470,Saturday,Jul
2024-07-14 00:00:00,Store 2,Product E,217,21,1,1,418,Sunday,Jul
2024-07-15 00:00:00,Store 2,Product D,110,8,0,0,450,Monday,Jul
2024-07-16 00:00:00,Store 1,Product E,198,21,0,0,483,Tuesday,Jul
2024-07-17 00:00:00,Store 2,Product A,162,11,1,0,318,Wednesday,Jul
2024-07-18 00:00:00,Store 2,Product A,148,9,0,0,381,Thursday,Jul
2024-07-19 00:00:00,Store 3,Product D,103,9,0,0,375,Friday,Jul
2024-07-20 00:00:00,Store 3,Product D,114,9,0,1,482,Saturday,Jul
2024-07-21 00:00:00,Store 3,Product D,115,8,0,1,391,Sunday,Jul
2024-07-22 00:00:00,Store 3,Product C,181,14,1,0,487,Monday,Jul
2024-07-23 00:00:00,Store 3,Product E,206,19,1,0,486,Tuesday,Jul
2024-07-24 00:00:00,Store 3,Product D,104,7,0,0,332,Wednesday,Jul
2024-07-25 00:00:00,Store 2,Product B,131,13,0,0,446,Thursday,Jul
2024-07-26 00:00:00,Store 3,Product B,145,11,1,0,327,Friday,Jul
2024-07-27 00:00:00,Store 3,Product A,170,11,1,1,422,Saturday,Jul
2024-07-28 00:00:00,Store 1,Product E,222,21,1,1,479,Sunday,Jul
2024-07-29 00:00:00,Store 2,Product D,106,8,0,0,425,Monday,Jul
2024-07-30 00:00:00,Store 2,Product B,122,12,0,0,476,Tuesday,Jul
2024-07-31 00:00:00,Store 2,Product E,217,20,1,0,336,Wednesday,Jul
2024-08-01 00:00:00,Store 3,Product A,148,10,0,0,453,Thursday,Aug
2024-08-02 00:00:00,Store 3,Product C,169,15,0,0,398,Friday,Aug
2024-08-03 00:00:00,Store 3,Product E,208,21,0,1,397,Saturday,Aug
2024-08-04 00:00:00,Store 1,Product E,212,21,0,1,426,Sunday,Aug
2024-08-05 00:00:00,Store 3,Product C,165,14,0,0,467,Monday,Aug
2024-08-06 00:00:00,Store 1,Product E,199,21,0,0,379,Tuesday,Aug
2024-08-07 00:00:00,Store 2,Product A,161,11,1,0,337,Wednesday,Aug
2024-08-08 00:00:00,Store 3,Product A,151,10,0,0,376,Thursday,Aug
2024-08-09 00:00:00,Store 1,Product C,185,16,1,0,425,Friday,Aug
2024-08-10 00:00:00,Store 1,Product D,121,8,0,1,386,Saturday,Aug
2024-08-11 00:00:00,Store 3,Product B,136,11,0,1,353,Sunday,Aug
2024-08-12 00:00:00,Store 2,Product D,117,7,1,0,449,Monday,Aug
2024-08-13 00:00:00,Store 2,Product E,200,21,0,0,315,Tuesday,Aug
2024-08-14 00:00:00,Store 2,Product B,126,11,0,0,327,Wednesday,Aug
2024-08-15 00:00:00,Store 1,Product C,167,16,0,0,462,Thursday,Aug
2024-08-16 00:00:00,Store 1,Product C,165,14,0,0,487,Friday,Aug
2024-08-17 00:00:00,Store 1,Product B,152,12,1,1,472,Saturday,Aug
2024-08-18 00:00:00,Store 1,Product A,175,10,1,1,345,Sunday,Aug
2024-08-19 00:00:00,Store 2,Product B,125,12,0,0,371,Monday,Aug
2024-08-20 00:00:00,Store 3,Product E,197,20,0,0,482,Tuesday,Aug
2024-08-21 00:00:00,Store 1,Product A,144,11,0,0,384,Wednesday,Aug
2024-08-22 00:00:00,Store 1,Product C,179,14,1,0,325,Thursday,Aug
2024-08-23 00:00:00,Store 2,Product B,129,13,0,0,384,Friday,Aug
2024-08-24 00:00:00,Store 3,Product D,122,8,0,1,452,Saturday,Aug
2024-08-25 00:00:00,Store 3,Product D,122,9,0,1,364,Sunday,Aug
2024-08-26 00:00:00,Store 2,Product E,203,19,0,0,433,Monday,Aug
2024-08-27 00:00:00,Store 2,Product D,112,9,0,0,450,Tuesday,Aug
2024-08-28 00:00:00,Store 3,Product B,143,11,1,0,414,Wednesday,Aug
2024-08-29 00:00:00,Store 1,Product B,126,13,0,0,363,Thursday,Aug
2024-08-30 00:00:00,Store 3,Product D,107,7,0,0,386,Friday,Aug
2024-08-31 00:00:00,Store 2,Product B,148,11,1,1,470,Saturday,Aug
2024-09-01 00:00:00,Store 1,Product E,224,20,1,1,406,Sunday,Sep
2024-09-02 00:00:00,Store 1,Product A,150,9,0,0,450,Monday,Sep
2024-09-03 00:00:00,Store 2,Product E,201,20,0,0,395,Tuesday,Sep
2024-09-04 00:00:00,Store 2,Product E,200,20,0,0,457,Wednesday,Sep
2024-09-05 00:00:00,Store 2,Product B,127,12,0,0,376,Thursday,Sep
2024-09-06 00:00:00,Store 3,Product A,145,11,0,0,445,Friday,Sep
2024-09-07 00:00:00,Store 3,Product B,143,13,0,1,386,Saturday,Sep
2024-09-08 00:00:00,Store 1,Product C,184,16,0,1,448,Sunday,Sep
2024-09-09 00:00:00,Store 2,Product B,157,13,1,1,356,Monday,Sep
2024-09-10 00:00:00,Store 1,Product B,129,11,0,0,402,Tuesday,Sep
2024-09-11 00:00:00,Store 1,Product B,128,11,0,0,450,Wednesday,Sep
2024-09-12 00:00:00,Store 1,Product A,146,11,0,0,390,Thursday,Sep
2024-09-13 00:00:00,Store 1,Product B,144,11,1,0,344,Friday,Sep
2024-09-14 00:00:00,Store 2,Product A,171,9,1,1,471,Saturday,Sep
2024-09-15 00:00:00,Store 1,Product D,138,8,1,1,387,Sunday,Sep
2024-09-16 00:00:00,Store 2,Product C,194,15,1,1,414,Monday,Sep
2024-09-17 00:00:00,Store 2,Product A,162,10,1,0,346,Tuesday,Sep
2024-09-18 00:00:00,Store 3,Product D,105,8,0,0,467,Wednesday,Sep
2024-09-19 00:00:00,Store 2,Product A,151,9,0,0,478,Thursday,Sep
2024-09-20 00:00:00,Store 3,Product A,157,11,0,1,469,Friday,Sep
2024-09-21 00:00:00,Store 2,Product C,197,14,1,1,434,Saturday,Sep
2024-09-22 00:00:00,Store 2,Product E,225,19,1,1,349,Sunday,Sep
2024-09-23 00:00:00,Store 2,Product E,195,19,0,0,475,Monday,Sep
2024-09-24 00:00:00,Store 3,Product A,147,10,0,0,383,Tuesday,Sep
2024-09-25 00:00:00,Store 3,Product B,128,12,0,0,390,Wednesday,Sep
2024-09-26 00:00:00,Store 1,Product D,121,8,1,0,433,Thursday,Sep
